{"cameraMode":{"drawMode":0,"name":"Shaded","section":"Shading Mode"},"sceneLighting":true,"audioPlay":false,"sceneViewState":{"m_AlwaysRefresh":false,"showFog":true,"showSkybox":true,"showFlares":true,"showImageEffects":true,"showParticleSystems":true,"showVisualEffectGraphs":true,"m_FxEnabled":true},"in2DMode":false,"pivot":{"x":9.623740196228028,"y":1.1329392194747925,"z":-26.608436584472658},"rotation":{"x":-0.004122765734791756,"y":-0.9957370162010193,"z":0.056217074394226077,"w":-0.07302173227071762},"size":17.050737380981447,"orthographic":false}